{"cameraMode":{"drawMode":0,"name":"Shaded","section":"Shading Mode"},"sceneLighting":true,"audioPlay":false,"sceneViewState":{"showFog":false,"showMaterialUpdate":false,"showSkybox":false,"showFlares":false,"showImageEffects":false,"showParticleSystems":false},"in2DMode":false,"pivot":{"x":-9.164138793945313,"y":4.648670196533203,"z":-2.904719352722168},"rotation":{"x":-0.17874984443187715,"y":-0.804110586643219,"z":0.4823458790779114,"w":-0.2979901134967804},"size":5.072992324829102,"orthographic":false}