{"cameraMode":{"drawMode":0,"name":"Shaded","section":"Shading Mode"},"sceneLighting":false,"audioPlay":false,"sceneViewState":{"showFog":false,"showMaterialUpdate":false,"showSkybox":false,"showFlares":false,"showImageEffects":false,"showParticleSystems":false},"in2DMode":false,"pivot":{"x":-0.7232968211174011,"y":0.8718900680541992,"z":1.1732922792434693},"rotation":{"x":-0.17874984443187715,"y":-0.804110586643219,"z":0.4823458790779114,"w":-0.2979901134967804},"size":1.4485576152801514,"orthographic":false}