{"cameraMode":{"drawMode":0,"name":"Shaded","section":"Shading Mode"},"sceneLighting":false,"audioPlay":false,"sceneViewState":{"showFog":false,"showMaterialUpdate":false,"showSkybox":false,"showFlares":false,"showImageEffects":false,"showParticleSystems":false},"in2DMode":false,"pivot":{"x":-0.0809779167175293,"y":0.1470649242401123,"z":-0.13015484809875489},"rotation":{"x":-0.053464245051145557,"y":-0.937110960483551,"z":0.3025703728199005,"w":-0.1655859649181366},"size":1.8325443267822266,"orthographic":false}