{"cameraMode":{"drawMode":0,"name":"Shaded","section":"Shading Mode"},"sceneLighting":false,"audioPlay":false,"sceneViewState":{"showFog":false,"showMaterialUpdate":false,"showSkybox":false,"showFlares":false,"showImageEffects":false,"showParticleSystems":false},"in2DMode":false,"pivot":{"x":2.3474955558776857,"y":-1.2652215957641602,"z":-3.933551788330078},"rotation":{"x":-0.06241002306342125,"y":-0.9374874830245972,"z":0.2492002695798874,"w":-0.2347847819328308},"size":5.308948516845703,"orthographic":false}