{"cameraMode":{"drawMode":0,"name":"Shaded","section":"Shading Mode"},"sceneLighting":false,"audioPlay":false,"sceneViewState":{"showFog":true,"showMaterialUpdate":false,"showSkybox":false,"showFlares":true,"showImageEffects":true,"showParticleSystems":true},"in2DMode":false,"pivot":{"x":-0.02432537078857422,"y":0.8592534065246582,"z":-3.6697940826416017},"rotation":{"x":-0.24585123360157014,"y":0.407427579164505,"z":-0.11487147212028504,"w":-0.8719891905784607},"size":1.342871904373169,"orthographic":false}